Model,Thông tin,Kết quả
SE,MAE,83.95086092509915
SE,MSE,409.8373735308001
SE,MAPE,3.743779769898529
SE,sMAPE,3.7162174485541013
