Model,Thông tin,Kết quả
LSTM,MAE,159.92988994295644
LSTM,MSE,472.4896385735133
LSTM,MAPE,4.043363430408313
LSTM,sMAPE,4.133325660761136
