Model,Thông tin,Kết quả
GRU,MAE,264.3159790426586
GRU,MSE,506.55794142029396
GRU,MAPE,4.966136008385329
GRU,sMAPE,4.835692295414727
