Model,Thông tin,Kết quả
GRU,MAE,260.45109530009927
GRU,MSE,490.3552653791263
GRU,MAPE,4.210237604657413
GRU,sMAPE,4.331923474291719
